{"cameraMode":{"drawMode":0,"name":"Shaded","section":"Shading Mode"},"sceneLighting":true,"audioPlay":false,"sceneViewState":{"m_AlwaysRefresh":false,"showFog":true,"showSkybox":true,"showFlares":true,"showImageEffects":true,"showParticleSystems":true,"showVisualEffectGraphs":true,"m_FxEnabled":true},"in2DMode":false,"pivot":{"x":-9.740717887878418,"y":3.595904588699341,"z":-21.47212028503418},"rotation":{"x":0.30609995126724245,"y":-0.01723630726337433,"z":0.006373313721269369,"w":0.9520348906517029},"size":35.88759994506836,"orthographic":true}