{"cameraMode":{"drawMode":0,"name":"Shaded","section":"Shading Mode"},"sceneLighting":false,"audioPlay":false,"sceneViewState":{"m_AlwaysRefresh":false,"showFog":true,"showSkybox":false,"showFlares":true,"showImageEffects":true,"showParticleSystems":true,"showVisualEffectGraphs":true,"m_FxEnabled":true},"in2DMode":false,"pivot":{"x":-38.205718994140628,"y":1.0494606494903565,"z":-25.652469635009767},"rotation":{"x":0.03985777497291565,"y":-0.038959916681051257,"z":0.0015532203251495958,"w":0.99844890832901},"size":3.729792594909668,"orthographic":true}