{"cameraMode":{"drawMode":0,"name":"Shaded","section":"Shading Mode"},"sceneLighting":false,"audioPlay":false,"sceneViewState":{"m_AlwaysRefresh":false,"showFog":true,"showSkybox":false,"showFlares":true,"showImageEffects":true,"showParticleSystems":true,"showVisualEffectGraphs":true,"m_FxEnabled":true},"in2DMode":false,"pivot":{"x":-0.07742786407470703,"y":7.3712921142578129,"z":-0.30755770206451418},"rotation":{"x":0.000890113937202841,"y":0.13607777655124665,"z":-0.00012219771451782435,"w":0.9907082319259644},"size":7.460059642791748,"orthographic":false}